OrderID,OrderDate,CustomerID,CustomerName,Customer_Region,ProductCategory,ProductName,Quantity,TotalAmount
O0001,29-09-2023,101,"Rahul Patel",Gurgaon,Fashion,Product_83,2,7689
O0002,27-05-2023,102,"Rahul Verma",Pune,Home,Product_96,4,2850
O0003,01-01-2024,103,"Kavita Verma",Noida,Grocery,Product_21,4,7614
O0004,08-12-2023,104,"Neha Patel",Bangalore,Grocery,Product_29,3,11410
O0005,16-04-2023,105,"Aditi Jain",Mumbai,Grocery,Product_67,2,5978
O0006,12-09-2023,106,"Nisha Sinha",Pune,Fashion,Product_39,2,1960
O0007,16-09-2023,107,"Aman Sinha",Gurgaon,Grocery,Product_77,1,2888
O0008,01-10-2023,108,"Deepak Agarwal",Gurgaon,Home,Product_48,1,4413
O0009,29-05-2023,109,"Anjali Agarwal",Pune,Electronics,Product_78,4,5552
O0010,29-09-2023,110,"Pooja Sharma",Pune,Fashion,Product_92,2,9560
O0011,19-03-2023,111,"Saurabh Singh",Noida,Grocery,Product_46,3,8191
O0012,03-06-2023,112,"Arjun Jain",Mumbai,Home,Product_67,5,11163
O0013,24-07-2023,113,"Vikas Verma",Noida,Electronics,Product_10,2,4917
O0014,24-06-2023,114,"Pooja Sinha",Chennai,Electronics,Product_3,3,1958
O0015,06-09-2023,115,"Neha Patel",Gurgaon,Electronics,Product_5,2,454
O0016,12-08-2023,116,"Ritu Mehta",Jaipur,Fashion,Product_5,3,8827
O0017,01-12-2023,117,"Karan Kumar",Gurgaon,Grocery,Product_83,2,1440
O0018,05-04-2023,118,"Vikas Patel",Gurgaon,Electronics,Product_66,5,17357
O0019,09-06-2023,119,"Aman Verma",Hyderabad,Fashion,Product_96,5,11221
O0020,03-04-2023,120,"Deepak Patel",Mumbai,Grocery,Product_37,5,8627
O0021,28-08-2023,121,"Anjali Singh",Delhi,Home,Product_96,4,14435
O0022,21-11-2023,122,"Akash Mehta",Hyderabad,Grocery,Product_96,5,3984
O0023,29-08-2023,123,"Simran Jain",Gurgaon,Fashion,Product_48,5,3928
O0024,11-02-2023,124,"Manish Patel",Gurgaon,Grocery,Product_67,5,7841
O0025,15-04-2023,125,"Priya Jain",Noida,Fashion,Product_47,2,4725
O0026,08-06-2023,126,"Manish Singh",Delhi,Electronics,Product_10,4,16461
O0027,02-10-2023,127,"Kavita Sinha",Jaipur,Electronics,Product_1,2,7016
O0028,15-10-2023,128,"Deepak Patel",Hyderabad,Electronics,Product_51,2,5251
O0029,18-04-2023,129,"Sneha Mehta",Gurgaon,Grocery,Product_45,2,3722
O0030,14-07-2023,130,"Rohit Sharma",Gurgaon,Electronics,Product_72,4,6875
O0031,23-09-2023,131,"Rohit Patel",Noida,Electronics,Product_23,1,773
O0032,28-04-2023,132,"Priya Jain",Bangalore,Electronics,Product_10,5,2024
O0033,02-12-2023,133,"Rahul Mehta",Hyderabad,Home,Product_59,2,1194
O0034,14-01-2023,134,"Manish Sinha",Hyderabad,Grocery,Product_34,1,3087
O0035,29-08-2023,135,"Deepak Gupta",Pune,Fashion,Product_42,1,2314
O0036,27-07-2023,136,"Saurabh Mehta",Mumbai,Home,Product_86,4,7505
O0037,16-05-2023,137,"Aman Agarwal",Chennai,Electronics,Product_42,3,592
O0038,16-06-2023,138,"Vikas Mehta",Gurgaon,Fashion,Product_17,2,1838
O0039,26-09-2023,139,"Nisha Patel",Hyderabad,Grocery,Product_11,3,5321
O0040,05-04-2023,140,"Anjali Kumar",Noida,Fashion,Product_47,3,7850
O0041,28-01-2023,141,"Arjun Sharma",Delhi,Fashion,Product_56,2,2989
O0042,27-07-2023,142,"Arjun Mehta",Jaipur,Home,Product_77,3,6937
O0043,27-07-2023,143,"Anjali Kumar",Noida,Home,Product_19,5,7379
O0044,04-04-2023,144,"Rahul Singh",Hyderabad,Grocery,Product_65,5,12352
O0045,22-08-2023,145,"Akash Jain",Mumbai,Grocery,Product_87,3,3864
O0046,30-01-2023,146,"Kavita Sharma",Jaipur,Home,Product_94,3,10390
O0047,10-12-2023,147,"Rahul Agarwal",Bangalore,Electronics,Product_78,3,4122
O0048,30-09-2023,148,"Aman Patel",Mumbai,Electronics,Product_14,1,4065
O0049,25-08-2023,149,"Akash Jain",Gurgaon,Grocery,Product_47,2,4994
O0050,11-05-2023,150,"Ritu Kumar",Jaipur,Grocery,Product_60,5,22496
O0051,10-09-2023,151,"Sneha Kumar",Bangalore,Electronics,Product_29,4,11615
O0052,16-06-2023,152,"Deepak Agarwal",Mumbai,Home,Product_16,4,13596
O0053,06-10-2023,153,"Manish Verma",Hyderabad,Fashion,Product_25,1,3087
O0054,17-03-2023,154,"Simran Sinha",Jaipur,Electronics,Product_79,1,2519
O0055,01-03-2023,155,"Rahul Kumar",Jaipur,Fashion,Product_74,2,2651
O0056,08-10-2023,156,"Anjali Agarwal",Jaipur,Grocery,Product_30,5,17056
O0057,18-07-2023,157,"Anjali Verma",Jaipur,Electronics,Product_90,3,13178
O0058,25-06-2023,158,"Akash Kumar",Hyderabad,Home,Product_62,5,16994
O0059,14-08-2023,159,"Simran Jain",Mumbai,Home,Product_88,5,10911
O0060,18-01-2023,160,"Manish Sharma",Noida,Home,Product_20,4,12457
O0061,09-02-2023,161,"Vikas Kumar",Jaipur,Fashion,Product_83,2,7842
O0062,30-07-2023,162,"Karan Agarwal",Chennai,Grocery,Product_94,2,8416
O0063,26-12-2023,163,"Akash Mehta",Hyderabad,Electronics,Product_32,5,5165
O0064,15-07-2023,164,"Anjali Gupta",Delhi,Fashion,Product_3,4,8271
O0065,22-04-2023,165,"Anjali Gupta",Hyderabad,Home,Product_82,5,20221
O0066,07-04-2023,166,"Anjali Jain",Noida,Electronics,Product_58,2,712
O0067,07-02-2023,167,"Rahul Mehta",Gurgaon,Fashion,Product_87,5,21865
O0068,22-03-2023,168,"Nisha Patel",Hyderabad,Fashion,Product_19,4,6061
O0069,21-09-2023,169,"Rohit Singh",Bangalore,Fashion,Product_43,5,24411
O0070,22-09-2023,170,"Neha Mehta",Jaipur,Electronics,Product_70,2,9309
O0071,26-03-2023,171,"Manish Agarwal",Bangalore,Home,Product_15,2,7152
O0072,28-10-2023,172,"Rohit Sharma",Chennai,Fashion,Product_93,4,12416
O0073,26-06-2023,173,"Manish Jain",Mumbai,Grocery,Product_26,1,758
O0074,13-01-2023,174,"Ritu Verma",Bangalore,Grocery,Product_50,2,5006
O0075,12-12-2023,175,"Priya Jain",Chennai,Home,Product_86,5,23065
O0076,14-07-2023,176,"Manish Jain",Pune,Home,Product_18,5,5849
O0077,19-12-2023,177,"Nisha Singh",Gurgaon,Grocery,Product_91,3,4348
O0078,14-11-2023,178,"Priya Sharma",Pune,Electronics,Product_11,5,1817
O0079,28-04-2023,179,"Arjun Jain",Delhi,Home,Product_27,5,20783
O0080,01-07-2023,180,"Saurabh Jain",Delhi,Grocery,Product_64,1,3313
O0081,18-04-2023,181,"Neha Sharma",Delhi,Fashion,Product_45,1,2294
O0082,18-12-2023,182,"Ritu Agarwal",Mumbai,Grocery,Product_76,4,12314
O0083,01-07-2023,183,"Deepak Patel",Delhi,Grocery,Product_100,1,2573
O0084,12-06-2023,184,"Simran Verma",Gurgaon,Electronics,Product_60,5,7919
O0085,24-02-2023,185,"Saurabh Patel",Delhi,Fashion,Product_41,1,1435
O0086,17-07-2023,186,"Anjali Sharma",Noida,Fashion,Product_95,1,3891
O0087,01-12-2023,187,"Deepak Sinha",Hyderabad,Home,Product_97,3,12428
O0088,25-10-2023,188,"Nisha Kumar",Gurgaon,Grocery,Product_70,2,1666
O0089,18-07-2023,189,"Aditi Mehta",Pune,Home,Product_84,3,12694
O0090,24-05-2023,190,"Arjun Patel",Gurgaon,Home,Product_49,5,24818
O0091,12-01-2023,191,"Ritu Kumar",Noida,Fashion,Product_76,2,6201
O0092,03-12-2023,192,"Rohit Kumar",Delhi,Home,Product_49,2,3360
O0093,05-03-2023,193,"Kavita Gupta",Jaipur,Fashion,Product_26,2,9277
O0094,16-11-2023,194,"Neha Patel",Chennai,Fashion,Product_2,4,17168
O0095,30-10-2023,195,"Rohit Singh",Bangalore,Electronics,Product_7,1,171
O0096,14-07-2023,196,"Ritu Sharma",Mumbai,Electronics,Product_66,4,11810
O0097,06-07-2023,197,"Vikas Verma",Bangalore,Home,Product_94,4,6555
O0098,29-03-2023,198,"Simran Singh",Bangalore,Home,Product_6,5,13184
O0099,26-03-2023,199,"Aditi Kumar",Bangalore,Fashion,Product_63,2,4435
O0100,16-09-2023,200,"Anjali Sharma",Mumbai,Fashion,Product_52,5,10283
O0101,02-08-2023,201,"Simran Agarwal",Gurgaon,Electronics,Product_10,5,1936
O0102,19-11-2023,202,"Aman Singh",Delhi,Grocery,Product_78,4,15999
O0103,10-02-2023,203,"Ritu Patel",Delhi,Electronics,Product_19,5,20285
O0104,13-03-2023,204,"Ritu Agarwal",Noida,Home,Product_91,1,1577
O0105,15-11-2023,205,"Aditi Kumar",Gurgaon,Electronics,Product_82,1,343
O0106,11-02-2023,206,"Kavita Jain",Jaipur,Home,Product_30,2,2007
O0107,07-02-2023,207,"Kavita Verma",Hyderabad,Fashion,Product_9,1,1808
O0108,01-02-2023,208,"Akash Sharma",Gurgaon,Fashion,Product_88,5,22722
O0109,21-08-2023,209,"Aman Sinha",Hyderabad,Home,Product_1,2,2156
O0110,26-03-2023,210,"Neha Verma",Gurgaon,Grocery,Product_48,3,12451
O0111,10-12-2023,211,"Rohit Singh",Bangalore,Grocery,Product_70,4,5031
O0112,17-02-2023,212,"Priya Agarwal",Pune,Home,Product_77,4,11286
O0113,20-05-2023,213,"Saurabh Gupta",Hyderabad,Grocery,Product_60,4,14732
O0114,23-11-2023,214,"Pooja Patel",Bangalore,Grocery,Product_89,1,3534
O0115,11-11-2023,215,"Pooja Sinha",Mumbai,Grocery,Product_66,3,7977
O0116,19-09-2023,216,"Deepak Sharma",Jaipur,Fashion,Product_95,5,20214
O0117,02-04-2023,217,"Manish Singh",Noida,Fashion,Product_31,2,8180
O0118,27-06-2023,218,"Manish Sinha",Gurgaon,Grocery,Product_22,1,3507
O0119,12-07-2023,219,"Rohit Sharma",Chennai,Electronics,Product_46,2,9484
O0120,06-09-2023,220,"Rahul Singh",Gurgaon,Home,Product_57,5,10338
O0121,21-05-2023,221,"Ritu Sharma",Chennai,Home,Product_1,4,8033
O0122,13-09-2023,222,"Ritu Kumar",Pune,Grocery,Product_3,4,2130
O0123,15-02-2023,223,"Anjali Sinha",Gurgaon,Fashion,Product_74,3,3929
O0124,02-10-2023,224,"Manish Sinha",Delhi,Electronics,Product_68,1,1622
O0125,26-06-2023,225,"Arjun Agarwal",Bangalore,Grocery,Product_6,5,18635
O0126,03-10-2023,226,"Simran Singh",Delhi,Grocery,Product_90,2,925
O0127,27-02-2023,227,"Nisha Patel",Noida,Electronics,Product_60,3,8786
O0128,16-06-2023,228,"Kavita Patel",Pune,Fashion,Product_66,1,4940
O0129,20-07-2023,229,"Rohit Agarwal",Gurgaon,Grocery,Product_64,1,3527
O0130,02-05-2023,230,"Arjun Jain",Jaipur,Home,Product_29,3,9862
O0131,08-06-2023,231,"Vikas Sharma",Noida,Electronics,Product_2,4,16581
O0132,13-12-2023,232,"Akash Singh",Chennai,Grocery,Product_47,2,2630
O0133,01-04-2023,233,"Saurabh Sinha",Delhi,Grocery,Product_69,5,22968
O0134,23-08-2023,234,"Arjun Jain",Pune,Home,Product_36,2,2698
O0135,07-01-2023,235,"Deepak Sharma",Jaipur,Home,Product_62,2,648
O0136,13-10-2023,236,"Akash Sharma",Jaipur,Grocery,Product_45,1,992
O0137,11-12-2023,237,"Vikas Jain",Pune,Electronics,Product_17,1,3723
O0138,13-12-2023,238,"Akash Jain",Mumbai,Electronics,Product_44,5,6417
O0139,12-10-2023,239,"Arjun Jain",Hyderabad,Electronics,Product_32,1,408
O0140,17-01-2023,240,"Aditi Gupta",Bangalore,Grocery,Product_18,4,19402
O0141,24-04-2023,241,"Neha Mehta",Noida,Fashion,Product_84,5,2586
O0142,01-04-2023,242,"Karan Gupta",Mumbai,Grocery,Product_58,1,2228
O0143,03-02-2023,243,"Manish Patel",Pune,Grocery,Product_17,4,9682
O0144,17-11-2023,244,"Aman Sinha",Jaipur,Electronics,Product_75,4,15023
O0145,28-04-2023,245,"Ritu Sinha",Chennai,Fashion,Product_4,4,19808
O0146,01-04-2023,246,"Nisha Agarwal",Chennai,Fashion,Product_54,4,5586
O0147,08-04-2023,247,"Pooja Verma",Gurgaon,Grocery,Product_98,1,823
O0148,22-05-2023,248,"Akash Sinha",Delhi,Grocery,Product_59,4,14590
O0149,15-10-2023,249,"Vikas Kumar",Chennai,Grocery,Product_4,2,686
O0150,15-01-2023,250,"Vikas Verma",Delhi,Electronics,Product_23,2,1591
O0151,20-03-2023,251,"Manish Sinha",Delhi,Fashion,Product_82,2,6441
O0152,16-04-2023,252,"Nisha Kumar",Bangalore,Fashion,Product_74,3,9996
O0153,07-07-2023,253,"Manish Gupta",Hyderabad,Electronics,Product_74,1,1185
O0154,19-04-2023,254,"Priya Agarwal",Mumbai,Electronics,Product_7,1,1940
O0155,15-03-2023,255,"Anjali Mehta",Bangalore,Fashion,Product_27,5,11283
O0156,22-10-2023,256,"Vikas Gupta",Jaipur,Electronics,Product_33,5,10870
O0157,13-05-2023,257,"Akash Patel",Jaipur,Home,Product_51,2,7246
O0158,25-03-2023,258,"Karan Sharma",Delhi,Grocery,Product_96,4,7319
O0159,18-10-2023,259,"Arjun Jain",Noida,Grocery,Product_94,1,4844
O0160,07-12-2023,260,"Saurabh Patel",Hyderabad,Grocery,Product_64,2,7222
O0161,17-11-2023,261,"Karan Kumar",Gurgaon,Home,Product_52,5,2969
O0162,05-02-2023,262,"Aditi Sinha",Delhi,Electronics,Product_6,1,1251
O0163,09-12-2023,263,"Anjali Sinha",Hyderabad,Fashion,Product_84,1,2391
O0164,13-01-2023,264,"Karan Sharma",Delhi,Electronics,Product_75,2,7364
O0165,25-11-2023,265,"Karan Verma",Mumbai,Electronics,Product_28,2,9038
O0166,04-03-2023,266,"Aman Agarwal",Chennai,Electronics,Product_4,5,10694
O0167,26-11-2023,267,"Vikas Patel",Bangalore,Electronics,Product_3,3,1773
O0168,02-03-2023,268,"Vikas Sinha",Jaipur,Home,Product_35,4,1260
O0169,18-06-2023,269,"Arjun Sharma",Mumbai,Home,Product_86,5,16233
O0170,07-02-2023,270,"Anjali Jain",Pune,Electronics,Product_5,1,3649
O0171,14-02-2023,271,"Aman Verma",Delhi,Grocery,Product_71,2,4719
O0172,19-05-2023,272,"Anjali Singh",Pune,Home,Product_86,2,5622
O0173,29-08-2023,273,"Aman Mehta",Pune,Fashion,Product_98,4,5704
O0174,13-10-2023,274,"Deepak Kumar",Chennai,Electronics,Product_55,3,10457
O0175,13-02-2023,275,"Pooja Gupta",Jaipur,Home,Product_25,3,8086
O0176,17-01-2023,276,"Karan Sinha",Jaipur,Fashion,Product_97,5,3316
O0177,11-06-2023,277,"Aman Patel",Mumbai,Home,Product_52,2,2014
O0178,24-08-2023,278,"Arjun Verma",Hyderabad,Home,Product_44,4,6835
O0179,08-03-2023,279,"Sneha Gupta",Gurgaon,Home,Product_63,4,5942
O0180,05-09-2023,280,"Pooja Jain",Noida,Home,Product_55,1,1323
O0181,25-11-2023,281,"Manish Verma",Mumbai,Home,Product_25,2,7191
O0182,30-07-2023,282,"Rohit Jain",Noida,Grocery,Product_28,4,2413
O0183,22-06-2023,283,"Deepak Agarwal",Bangalore,Grocery,Product_20,2,7433
O0184,28-11-2023,284,"Aman Sharma",Jaipur,Home,Product_73,2,2156
O0185,13-02-2023,285,"Deepak Mehta",Gurgaon,Electronics,Product_76,5,16514
O0186,21-03-2023,286,"Pooja Agarwal",Jaipur,Grocery,Product_33,4,1197
O0187,10-09-2023,287,"Rahul Sharma",Gurgaon,Fashion,Product_69,2,6966
O0188,05-09-2023,288,"Anjali Patel",Mumbai,Home,Product_11,3,13747
O0189,01-01-2023,289,"Anjali Agarwal",Chennai,Home,Product_74,1,752
O0190,18-01-2023,290,"Neha Verma",Noida,Electronics,Product_95,1,540
O0191,29-03-2023,291,"Ritu Jain",Delhi,Home,Product_66,1,1765
O0192,09-10-2023,292,"Sneha Agarwal",Jaipur,Home,Product_95,2,1202
O0193,27-01-2023,293,"Ritu Agarwal",Chennai,Fashion,Product_12,4,11527
O0194,10-12-2023,294,"Sneha Jain",Noida,Electronics,Product_85,3,5370
O0195,25-05-2023,295,"Aman Patel",Pune,Home,Product_49,3,14336
O0196,17-12-2023,296,"Manish Patel",Pune,Electronics,Product_49,2,6881
O0197,06-09-2023,297,"Simran Jain",Bangalore,Home,Product_38,4,6701
O0198,14-07-2023,298,"Nisha Jain",Delhi,Grocery,Product_34,5,2752
O0199,05-10-2023,299,"Deepak Sinha",Bangalore,Fashion,Product_98,3,8872
O0200,08-09-2023,300,"Rahul Sharma",Mumbai,Electronics,Product_69,4,2463
O0201,05-11-2023,301,"Rahul Singh",Chennai,Home,Product_10,1,4089
O0202,26-03-2023,302,"Vikas Singh",Hyderabad,Grocery,Product_60,3,12335
O0203,01-12-2023,303,"Aman Agarwal",Delhi,Electronics,Product_65,3,1330
O0204,22-10-2023,304,"Rohit Sinha",Bangalore,Fashion,Product_32,5,6877
O0205,04-02-2023,305,"Aditi Mehta",Noida,Grocery,Product_51,1,3807
O0206,04-07-2023,306,"Ritu Sinha",Jaipur,Home,Product_63,2,8287
O0207,05-03-2023,307,"Rohit Singh",Pune,Fashion,Product_6,3,13652
O0208,13-12-2023,308,"Anjali Patel",Noida,Grocery,Product_1,3,9712
O0209,23-05-2023,309,"Rahul Patel",Pune,Grocery,Product_69,2,6916
O0210,04-01-2023,310,"Manish Agarwal",Pune,Grocery,Product_88,1,1170
O0211,14-09-2023,311,"Simran Singh",Pune,Grocery,Product_38,2,1552
O0212,25-06-2023,312,"Deepak Mehta",Hyderabad,Grocery,Product_50,4,19261
O0213,09-12-2023,313,"Kavita Patel",Jaipur,Home,Product_37,4,19087
O0214,19-11-2023,314,"Manish Sinha",Jaipur,Fashion,Product_84,4,13301
O0215,20-11-2023,315,"Aditi Mehta",Chennai,Electronics,Product_58,5,17791
O0216,29-05-2023,316,"Simran Sharma",Chennai,Electronics,Product_53,2,4077
O0217,07-08-2023,317,"Nisha Patel",Noida,Grocery,Product_70,1,2966
O0218,02-01-2023,318,"Pooja Agarwal",Delhi,Grocery,Product_17,4,13826
O0219,17-08-2023,319,"Kavita Kumar",Noida,Home,Product_60,3,3737
O0220,17-09-2023,320,"Deepak Agarwal",Hyderabad,Home,Product_7,1,1408
O0221,08-01-2023,321,"Saurabh Mehta",Chennai,Electronics,Product_90,5,14778
O0222,06-02-2023,322,"Rohit Verma",Chennai,Home,Product_4,3,8817
O0223,23-11-2023,323,"Akash Verma",Gurgaon,Grocery,Product_4,5,17691
O0224,26-05-2023,324,"Rahul Sinha",Hyderabad,Grocery,Product_19,1,1940
O0225,09-09-2023,325,"Vikas Agarwal",Jaipur,Fashion,Product_66,5,16699
O0226,15-06-2023,326,"Anjali Agarwal",Chennai,Grocery,Product_11,5,3566
O0227,18-10-2023,327,"Rahul Sinha",Hyderabad,Grocery,Product_49,4,8931
O0228,21-01-2023,328,"Vikas Mehta",Jaipur,Fashion,Product_86,2,7312
O0229,22-03-2023,329,"Rahul Singh",Gurgaon,Electronics,Product_30,4,19043
O0230,05-08-2023,330,"Manish Mehta",Noida,Grocery,Product_33,1,3557
O0231,01-07-2023,331,"Rahul Sharma",Mumbai,Electronics,Product_38,2,6547
O0232,05-02-2023,332,"Rohit Gupta",Chennai,Electronics,Product_67,3,4157
O0233,18-07-2023,333,"Priya Sinha",Gurgaon,Electronics,Product_6,3,5212
O0234,22-10-2023,334,"Aman Sharma",Hyderabad,Grocery,Product_18,5,15599
O0235,29-01-2023,335,"Pooja Jain",Chennai,Fashion,Product_17,5,20905
O0236,03-10-2023,336,"Aditi Kumar",Noida,Electronics,Product_14,1,4530
O0237,06-09-2023,337,"Kavita Jain",Pune,Home,Product_45,3,9771
O0238,17-05-2023,338,"Rohit Sharma",Pune,Grocery,Product_76,5,16936
O0239,12-08-2023,339,"Karan Agarwal",Gurgaon,Grocery,Product_68,2,7191
O0240,24-02-2023,340,"Aman Singh",Mumbai,Grocery,Product_90,4,14503
O0241,17-09-2023,341,"Akash Patel",Mumbai,Fashion,Product_30,1,2744
O0242,09-02-2023,342,"Rahul Mehta",Hyderabad,Fashion,Product_4,5,10100
O0243,30-03-2023,343,"Anjali Jain",Mumbai,Fashion,Product_92,3,5893
O0244,19-10-2023,344,"Rohit Sinha",Hyderabad,Grocery,Product_83,3,6414
O0245,03-06-2023,345,"Rohit Patel",Chennai,Electronics,Product_53,5,3848
O0246,17-01-2023,346,"Pooja Sharma",Mumbai,Grocery,Product_5,4,12014
O0247,08-04-2023,347,"Akash Agarwal",Jaipur,Home,Product_33,5,20387
O0248,17-04-2023,348,"Deepak Verma",Pune,Fashion,Product_88,2,6396
O0249,07-05-2023,349,"Sneha Verma",Chennai,Grocery,Product_12,4,4715
O0250,21-10-2023,350,"Vikas Jain",Noida,Electronics,Product_7,3,3236
O0251,23-07-2023,351,"Vikas Kumar",Gurgaon,Home,Product_86,5,17026
O0252,02-03-2023,352,"Rohit Kumar",Pune,Grocery,Product_34,1,2926
O0253,29-08-2023,353,"Aditi Mehta",Bangalore,Grocery,Product_92,4,4516
O0254,29-04-2023,354,"Aditi Agarwal",Pune,Electronics,Product_25,3,7829
O0255,27-06-2023,355,"Simran Sinha",Delhi,Grocery,Product_25,5,14741
O0256,20-03-2023,356,"Kavita Gupta",Pune,Electronics,Product_34,4,7313
O0257,28-08-2023,357,"Rahul Jain",Pune,Grocery,Product_46,3,6273
O0258,10-04-2023,358,"Simran Jain",Mumbai,Electronics,Product_19,4,1894
O0259,14-10-2023,359,"Ritu Sinha",Mumbai,Grocery,Product_82,2,6428
O0260,17-12-2023,360,"Priya Sharma",Gurgaon,Electronics,Product_82,3,737
O0261,25-08-2023,361,"Arjun Singh",Gurgaon,Home,Product_45,2,4741
O0262,05-07-2023,362,"Ritu Jain",Delhi,Grocery,Product_34,4,18947
O0263,28-07-2023,363,"Ritu Patel",Chennai,Electronics,Product_11,3,1646
O0264,12-09-2023,364,"Anjali Verma",Hyderabad,Home,Product_28,5,11177
O0265,20-05-2023,365,"Rahul Patel",Hyderabad,Electronics,Product_98,3,4126
O0266,03-04-2023,366,"Karan Agarwal",Gurgaon,Electronics,Product_98,4,13974
O0267,23-06-2023,367,"Rohit Verma",Pune,Grocery,Product_67,2,3414
O0268,19-01-2023,368,"Rohit Patel",Bangalore,Home,Product_34,5,16914
O0269,06-02-2023,369,"Rahul Verma",Delhi,Grocery,Product_69,5,9152
O0270,27-11-2023,370,"Karan Jain",Gurgaon,Fashion,Product_62,2,1504
O0271,11-06-2023,371,"Rohit Jain",Noida,Home,Product_59,5,15524
O0272,29-03-2023,372,"Nisha Sinha",Gurgaon,Home,Product_7,2,7804
O0273,20-10-2023,373,"Priya Sharma",Noida,Fashion,Product_21,4,15150
O0274,10-09-2023,374,"Priya Kumar",Delhi,Fashion,Product_15,2,7188
O0275,06-03-2023,375,"Karan Mehta",Delhi,Home,Product_55,5,5823
O0276,06-06-2023,376,"Arjun Kumar",Gurgaon,Home,Product_42,1,1142
O0277,17-07-2023,377,"Pooja Sinha",Bangalore,Electronics,Product_39,4,8244
O0278,31-07-2023,378,"Saurabh Sinha",Hyderabad,Electronics,Product_57,4,14857
O0279,30-01-2023,379,"Rohit Agarwal",Mumbai,Home,Product_92,5,16690
O0280,24-11-2023,380,"Arjun Verma",Bangalore,Electronics,Product_76,3,7304
O0281,10-10-2023,381,"Nisha Jain",Bangalore,Electronics,Product_42,1,4686
O0282,11-09-2023,382,"Pooja Gupta",Delhi,Fashion,Product_27,5,23741
O0283,23-02-2023,383,"Priya Mehta",Hyderabad,Fashion,Product_50,4,2502
O0284,24-12-2023,384,"Deepak Singh",Gurgaon,Fashion,Product_67,5,24360
O0285,08-01-2023,385,"Manish Sinha",Pune,Home,Product_9,2,9306
O0286,15-11-2023,386,"Karan Singh",Noida,Electronics,Product_44,5,5684
O0287,24-11-2023,387,"Arjun Jain",Delhi,Grocery,Product_45,2,3868
O0288,23-01-2023,388,"Sneha Singh",Gurgaon,Home,Product_40,5,2645
O0289,18-10-2023,389,"Arjun Gupta",Mumbai,Electronics,Product_43,1,633
O0290,18-05-2023,390,"Anjali Sharma",Gurgaon,Electronics,Product_99,4,3937
O0291,12-04-2023,391,"Vikas Gupta",Mumbai,Fashion,Product_84,5,21710
O0292,12-12-2023,392,"Aman Verma",Delhi,Fashion,Product_68,1,375
O0293,23-04-2023,393,"Vikas Jain",Chennai,Home,Product_26,3,7804
O0294,05-03-2023,394,"Deepak Patel",Noida,Electronics,Product_57,5,20737
O0295,05-02-2023,395,"Manish Verma",Jaipur,Fashion,Product_49,1,3322
O0296,03-05-2023,396,"Ritu Gupta",Delhi,Home,Product_38,1,2905
O0297,25-06-2023,397,"Aditi Agarwal",Noida,Home,Product_55,2,3067
O0298,18-03-2023,398,"Ritu Jain",Mumbai,Grocery,Product_56,2,9742
O0299,26-09-2023,399,"Simran Singh",Pune,Grocery,Product_48,2,4184
O0300,09-03-2023,400,"Manish Gupta",Noida,Electronics,Product_27,5,4701
O0301,03-09-2023,401,"Rahul Sharma",Chennai,Grocery,Product_65,4,6253
O0302,19-04-2023,402,"Deepak Kumar",Hyderabad,Electronics,Product_51,2,2119
O0303,04-08-2023,403,"Anjali Jain",Bangalore,Fashion,Product_62,2,6133
O0304,01-05-2023,404,"Priya Sharma",Bangalore,Home,Product_61,2,9535
O0305,26-10-2023,405,"Ritu Mehta",Noida,Electronics,Product_15,3,525
O0306,04-03-2023,406,"Manish Kumar",Pune,Electronics,Product_71,3,2462
O0307,14-11-2023,407,"Manish Sinha",Noida,Grocery,Product_82,5,4305
O0308,10-08-2023,408,"Priya Sinha",Delhi,Grocery,Product_76,3,3650
O0309,07-07-2023,409,"Ritu Agarwal",Noida,Fashion,Product_76,5,1226
O0310,16-07-2023,410,"Priya Sinha",Delhi,Home,Product_13,5,19732
O0311,19-08-2023,411,"Anjali Jain",Delhi,Home,Product_3,2,5932
O0312,10-12-2023,412,"Sneha Gupta",Noida,Home,Product_12,3,6362
O0313,22-09-2023,413,"Rahul Singh",Chennai,Home,Product_42,2,2378
O0314,04-09-2023,414,"Kavita Singh",Noida,Grocery,Product_81,4,7563
O0315,20-08-2023,415,"Rohit Mehta",Hyderabad,Electronics,Product_38,2,7105
O0316,26-10-2023,416,"Deepak Mehta",Gurgaon,Electronics,Product_90,2,7096
O0317,10-08-2023,417,"Simran Kumar",Bangalore,Home,Product_53,3,8832
O0318,18-08-2023,418,"Manish Patel",Noida,Home,Product_14,3,12970
O0319,13-07-2023,419,"Aditi Gupta",Noida,Fashion,Product_24,3,1188
O0320,11-04-2023,420,"Karan Verma",Chennai,Fashion,Product_25,3,637
O0321,30-12-2023,421,"Aman Patel",Jaipur,Electronics,Product_22,2,6541
O0322,16-11-2023,422,"Kavita Gupta",Gurgaon,Grocery,Product_59,1,1891
O0323,01-05-2023,423,"Karan Agarwal",Chennai,Fashion,Product_77,2,9232
O0324,28-09-2023,424,"Nisha Sharma",Noida,Grocery,Product_51,2,6816
O0325,31-05-2023,425,"Simran Mehta",Gurgaon,Home,Product_45,5,2002
O0326,19-02-2023,426,"Arjun Sinha",Gurgaon,Electronics,Product_31,3,9349
O0327,07-07-2023,427,"Karan Agarwal",Jaipur,Electronics,Product_88,2,4959
O0328,15-10-2023,428,"Neha Kumar",Pune,Electronics,Product_89,4,17830
O0329,20-02-2023,429,"Rahul Sharma",Mumbai,Electronics,Product_78,2,9177
O0330,07-03-2023,430,"Simran Sinha",Delhi,Electronics,Product_96,1,370
O0331,26-01-2023,431,"Aman Jain",Gurgaon,Fashion,Product_40,2,5153
O0332,07-01-2023,432,"Sneha Jain",Pune,Home,Product_46,1,-102
O0333,05-02-2023,433,"Manish Singh",Pune,Fashion,Product_98,5,12118
O0334,29-10-2023,434,"Nisha Kumar",Hyderabad,Home,Product_19,5,23038
O0335,15-04-2023,435,"Kavita Singh",Gurgaon,Home,Product_81,3,13352
O0336,13-08-2023,436,"Manish Agarwal",Chennai,Home,Product_7,3,10352
O0337,24-01-2023,437,"Deepak Sinha",Gurgaon,Home,Product_37,4,18512
O0338,20-05-2023,438,"Sneha Singh",Pune,Electronics,Product_40,2,619
O0339,17-09-2023,439,"Simran Singh",Chennai,Electronics,Product_100,2,6551
O0340,10-04-2023,440,"Priya Sinha",Noida,Grocery,Product_49,1,3009
O0341,02-12-2023,441,"Ritu Gupta",Hyderabad,Grocery,Product_45,1,2723
O0342,23-12-2023,442,"Sneha Patel",Delhi,Fashion,Product_7,2,5862
O0343,15-01-2023,443,"Arjun Jain",Delhi,Electronics,Product_90,1,3908
O0344,16-12-2023,444,"Neha Agarwal",Mumbai,Home,Product_19,1,1236
O0345,26-05-2023,445,"Rahul Singh",Gurgaon,Electronics,Product_90,2,4268
O0346,26-08-2023,446,"Kavita Kumar",Delhi,Grocery,Product_45,2,6387
O0347,28-06-2023,447,"Manish Sinha",Noida,Grocery,Product_20,4,1697
O0348,30-08-2023,448,"Sneha Sinha",Jaipur,Electronics,Product_62,5,9224
O0349,02-08-2023,449,"Sneha Sinha",Pune,Fashion,Product_76,1,1238
O0350,14-08-2023,450,"Sneha Agarwal",Noida,Electronics,Product_57,2,8537
O0351,22-07-2023,451,"Manish Singh",Bangalore,Grocery,Product_35,1,2922
O0352,11-07-2023,452,"Ritu Gupta",Pune,Fashion,Product_11,2,2308
O0353,23-07-2023,453,"Kavita Kumar",Mumbai,Fashion,Product_27,1,1865
O0354,14-03-2023,454,"Neha Jain",Noida,Grocery,Product_66,1,2981
O0355,07-07-2023,455,"Priya Jain",Noida,Home,Product_85,5,11774
O0356,16-08-2023,456,"Priya Gupta",Delhi,Home,Product_78,1,894
O0357,02-08-2023,457,"Vikas Singh",Pune,Grocery,Product_21,2,4934
O0358,08-10-2023,458,"Akash Patel",Delhi,Fashion,Product_99,1,4064
O0359,24-03-2023,459,"Aditi Sharma",Pune,Home,Product_1,1,1436
O0360,08-01-2023,460,"Pooja Jain",Pune,Grocery,Product_5,2,8192
O0361,27-05-2023,461,"Anjali Singh",Chennai,Grocery,Product_95,2,5003
O0362,24-12-2023,462,"Manish Sinha",Delhi,Fashion,Product_89,3,2830
O0363,13-11-2023,463,"Akash Kumar",Gurgaon,Fashion,Product_29,2,5839
O0364,27-06-2023,464,"Nisha Kumar",Gurgaon,Electronics,Product_81,5,23669
O0365,28-03-2023,465,"Pooja Kumar",Noida,Home,Product_72,2,3352
O0366,13-05-2023,466,"Karan Patel",Chennai,Electronics,Product_56,3,13274
O0367,19-12-2023,467,"Deepak Singh",Chennai,Home,Product_36,3,3104
O0368,19-11-2023,468,"Rahul Patel",Delhi,Grocery,Product_93,1,4666
O0369,01-01-2024,469,"Aman Gupta",Noida,Home,Product_8,1,3733
O0370,09-09-2023,470,"Saurabh Gupta",Mumbai,Fashion,Product_77,3,10868
O0371,19-07-2023,471,"Arjun Gupta",Bangalore,Grocery,Product_52,5,21715
O0372,26-10-2023,472,"Deepak Jain",Delhi,Fashion,Product_80,3,3514
O0373,06-01-2023,473,"Rahul Mehta",Pune,Fashion,Product_69,4,14113
O0374,02-01-2023,474,"Pooja Verma",Pune,Fashion,Product_90,3,10457
O0375,31-12-2023,475,"Manish Sharma",Gurgaon,Electronics,Product_41,5,5699
O0376,23-10-2023,476,"Rahul Mehta",Pune,Electronics,Product_5,5,17114
O0377,12-10-2023,477,"Aman Patel",Noida,Fashion,Product_83,5,10356
O0378,17-06-2023,478,"Pooja Kumar",Pune,Fashion,Product_5,2,7627
O0379,26-03-2023,479,"Sneha Agarwal",Jaipur,Home,Product_46,3,11669
O0380,02-08-2023,480,"Neha Verma",Pune,Home,Product_8,1,4323
O0381,15-05-2023,481,"Pooja Sinha",Gurgaon,Home,Product_9,4,15095
O0382,18-12-2023,482,"Neha Sinha",Gurgaon,Home,Product_72,4,9931
O0383,02-01-2023,483,"Vikas Jain",Pune,Fashion,Product_17,4,4550
O0384,10-09-2023,484,"Sneha Sharma",Gurgaon,Grocery,Product_94,4,8014
O0385,16-12-2023,485,"Akash Kumar",Gurgaon,Electronics,Product_3,2,2975
O0386,28-06-2023,486,"Aman Agarwal",Bangalore,Home,Product_18,2,6102
O0387,17-02-2023,487,"Nisha Sinha",Delhi,Electronics,Product_93,2,9236
O0388,27-10-2023,488,"Karan Mehta",Gurgaon,Fashion,Product_85,3,7525
O0389,24-06-2023,489,"Anjali Singh",Jaipur,Home,Product_42,1,4381
O0390,16-02-2023,490,"Rahul Jain",Hyderabad,Home,Product_52,4,6101
O0391,12-05-2023,491,"Priya Mehta",Bangalore,Grocery,Product_71,5,11745
O0392,01-05-2023,492,"Karan Sinha",Mumbai,Grocery,Product_71,4,13546
O0393,01-08-2023,493,"Simran Sharma",Jaipur,Grocery,Product_60,3,11022
O0394,06-02-2023,494,"Anjali Patel",Jaipur,Grocery,Product_63,5,10574
O0395,12-07-2023,495,"Aman Singh",Gurgaon,Fashion,Product_95,3,4662
O0396,30-06-2023,496,"Nisha Sinha",Bangalore,Electronics,Product_34,1,2998
O0397,26-06-2023,497,"Kavita Kumar",Bangalore,Grocery,Product_5,3,13826
O0398,24-11-2023,498,"Vikas Singh",Hyderabad,Electronics,Product_36,5,8571
O0399,13-09-2023,499,"Aditi Agarwal",Pune,Fashion,Product_34,2,6189
O0400,03-11-2023,500,"Simran Singh",Delhi,Home,Product_71,1,785
O0401,31-10-2023,501,"Anjali Singh",Delhi,Grocery,Product_50,2,1177
O0402,22-03-2023,502,"Akash Gupta",Gurgaon,Home,Product_6,2,6384
O0403,01-09-2023,503,"Ritu Mehta",Chennai,Home,Product_37,4,10854
O0404,05-03-2023,504,"Sneha Sinha",Delhi,Grocery,Product_92,3,10329
O0405,26-03-2023,505,"Saurabh Kumar",Noida,Grocery,Product_93,5,14855
O0406,08-12-2023,506,"Simran Gupta",Hyderabad,Home,Product_76,4,13931
O0407,26-05-2023,507,"Nisha Sharma",Mumbai,Fashion,Product_68,3,4616
O0408,03-12-2023,508,"Priya Kumar",Pune,Electronics,Product_9,3,13053
O0409,03-12-2023,509,"Pooja Mehta",Bangalore,Electronics,Product_85,2,8742
O0410,27-10-2023,510,"Rohit Singh",Gurgaon,Home,Product_30,1,1976
O0411,03-07-2023,511,"Nisha Mehta",Chennai,Electronics,Product_34,4,10506
O0412,23-12-2023,512,"Karan Singh",Bangalore,Fashion,Product_75,4,17907
O0413,19-08-2023,513,"Rohit Gupta",Pune,Home,Product_56,5,21545
O0414,21-10-2023,514,"Priya Sharma",Pune,Home,Product_72,1,1929
O0415,01-07-2023,515,"Vikas Jain",Noida,Home,Product_90,5,13663
O0416,05-09-2023,516,"Nisha Verma",Chennai,Home,Product_11,4,10471
O0417,15-01-2023,517,"Deepak Sharma",Jaipur,Fashion,Product_6,5,11126
O0418,26-02-2023,518,"Rohit Singh",Bangalore,Home,Product_52,4,7227
O0419,27-09-2023,519,"Pooja Patel",Pune,Electronics,Product_12,5,2893
O0420,09-02-2023,520,"Rohit Sharma",Bangalore,Fashion,Product_76,5,2647
O0421,30-11-2023,521,"Ritu Sharma",Bangalore,Home,Product_3,1,657
O0422,18-01-2023,522,"Nisha Gupta",Noida,Home,Product_77,4,16214
O0423,12-07-2023,523,"Manish Sharma",Bangalore,Fashion,Product_28,3,6159
O0424,28-08-2023,524,"Aman Jain",Noida,Fashion,Product_75,1,3447
O0425,16-01-2023,525,"Priya Agarwal",Hyderabad,Grocery,Product_59,1,2424
O0426,09-02-2023,526,"Saurabh Mehta",Chennai,Electronics,Product_89,2,8293
O0427,25-05-2023,527,"Nisha Gupta",Pune,Fashion,Product_66,1,2803
O0428,20-07-2023,528,"Deepak Kumar",Delhi,Grocery,Product_40,3,10550
O0429,06-12-2023,529,"Karan Sinha",Gurgaon,Electronics,Product_38,3,5332
O0430,23-12-2023,530,"Ritu Patel",Pune,Grocery,Product_82,4,7598
O0431,06-12-2023,531,"Ritu Verma",Jaipur,Home,Product_45,1,275
O0432,30-03-2023,532,"Arjun Mehta",Pune,Home,Product_92,1,4637
O0433,15-02-2023,533,"Rohit Mehta",Pune,Grocery,Product_10,1,1626
O0434,02-07-2023,534,"Vikas Sinha",Mumbai,Fashion,Product_82,5,22425
O0435,21-12-2023,535,"Kavita Kumar",Chennai,Grocery,Product_74,1,1918
O0436,20-01-2023,536,"Nisha Gupta",Jaipur,Electronics,Product_70,2,1529
O0437,29-09-2023,537,"Rohit Jain",Bangalore,Grocery,Product_27,1,905
O0438,09-08-2023,538,"Aman Sinha",Jaipur,Grocery,Product_63,3,12892
O0439,29-06-2023,539,"Akash Agarwal",Gurgaon,Grocery,Product_36,4,8961
O0440,19-12-2023,540,"Sneha Gupta",Gurgaon,Fashion,Product_11,5,13304
O0441,27-10-2023,541,"Deepak Sharma",Hyderabad,Electronics,Product_34,2,4535
O0442,23-10-2023,542,"Simran Jain",Pune,Fashion,Product_39,3,1971
O0443,08-11-2023,543,"Karan Mehta",Bangalore,Fashion,Product_84,5,13704
O0444,17-11-2023,544,"Sneha Sinha",Hyderabad,Home,Product_55,1,2056
O0445,05-10-2023,545,"Nisha Mehta",Mumbai,Electronics,Product_13,3,10434
O0446,12-06-2023,546,"Rohit Sinha",Chennai,Home,Product_12,4,15323
O0447,22-03-2023,547,"Aditi Singh",Noida,Grocery,Product_37,2,4977
O0448,06-07-2023,548,"Sneha Gupta",Gurgaon,Electronics,Product_9,1,2205
O0449,14-10-2023,549,"Priya Agarwal",Delhi,Grocery,Product_49,2,7729
O0450,27-02-2023,550,"Aman Patel",Jaipur,Fashion,Product_42,4,17530
O0451,05-06-2023,551,"Manish Sinha",Noida,Electronics,Product_15,2,7608
O0452,23-02-2023,552,"Aditi Gupta",Jaipur,Fashion,Product_81,3,11094
O0453,18-11-2023,553,"Neha Agarwal",Chennai,Fashion,Product_95,5,1129
O0454,31-03-2023,554,"Manish Gupta",Pune,Electronics,Product_80,2,2902
O0455,31-12-2023,555,"Pooja Sinha",Jaipur,Home,Product_46,1,2349
O0456,03-08-2023,556,"Aman Sinha",Hyderabad,Fashion,Product_69,4,4071
O0457,02-01-2023,557,"Aditi Singh",Gurgaon,Grocery,Product_52,5,17655
O0458,10-04-2023,558,"Simran Sharma",Chennai,Grocery,Product_39,4,3400
O0459,04-06-2023,559,"Aditi Patel",Gurgaon,Home,Product_72,2,9164
O0460,11-09-2023,560,"Manish Gupta",Delhi,Electronics,Product_35,1,3009
O0461,04-02-2023,561,"Simran Verma",Jaipur,Grocery,Product_75,5,4899
O0462,08-07-2023,562,"Arjun Singh",Jaipur,Fashion,Product_16,5,11982
O0463,13-03-2023,563,"Saurabh Sinha",Chennai,Home,Product_55,3,1479
O0464,23-10-2023,564,"Deepak Singh",Mumbai,Electronics,Product_50,5,12034
O0465,12-12-2023,565,"Saurabh Verma",Pune,Fashion,Product_66,1,1017
O0466,19-06-2023,566,"Karan Jain",Hyderabad,Grocery,Product_76,1,2299
O0467,28-06-2023,567,"Aman Jain",Noida,Home,Product_29,5,11512
O0468,09-11-2023,568,"Rahul Patel",Bangalore,Grocery,Product_87,5,10401
O0469,26-11-2023,569,"Aditi Agarwal",Gurgaon,Electronics,Product_84,4,8640
O0470,05-07-2023,570,"Arjun Jain",Gurgaon,Electronics,Product_25,1,589
O0471,16-02-2023,571,"Manish Sinha",Noida,Fashion,Product_59,3,9638
O0472,22-04-2023,572,"Neha Jain",Gurgaon,Electronics,Product_83,2,5577
O0473,25-09-2023,573,"Nisha Mehta",Pune,Electronics,Product_32,4,10531
O0474,08-01-2023,574,"Sneha Mehta",Pune,Home,Product_61,4,9286
O0475,25-01-2023,575,"Akash Mehta",Bangalore,Electronics,Product_53,2,4364
O0476,29-09-2023,576,"Priya Mehta",Noida,Fashion,Product_1,5,15036
O0477,05-06-2023,577,"Akash Sinha",Chennai,Fashion,Product_14,4,5841
O0478,02-11-2023,578,"Deepak Gupta",Hyderabad,Grocery,Product_53,3,9025
O0479,17-10-2023,579,"Arjun Agarwal",Noida,Electronics,Product_85,4,7818
O0480,17-04-2023,580,"Sneha Agarwal",Gurgaon,Home,Product_35,1,2273
O0481,05-11-2023,581,"Ritu Jain",Mumbai,Home,Product_79,3,8699
O0482,20-02-2023,582,"Rohit Agarwal",Gurgaon,Fashion,Product_69,5,9260
O0483,30-04-2023,583,"Priya Agarwal",Bangalore,Fashion,Product_57,4,14852
O0484,07-08-2023,584,"Aman Gupta",Mumbai,Home,Product_50,1,3577
O0485,23-11-2023,585,"Aditi Agarwal",Chennai,Home,Product_1,4,18095
O0486,09-04-2023,586,"Neha Sharma",Jaipur,Home,Product_81,2,6365
O0487,22-12-2023,587,"Aman Gupta",Jaipur,Electronics,Product_54,3,8392
O0488,20-11-2023,588,"Pooja Jain",Jaipur,Fashion,Product_8,4,521
O0489,09-02-2023,589,"Pooja Agarwal",Hyderabad,Electronics,Product_8,4,11267
O0490,25-08-2023,590,"Rahul Sharma",Hyderabad,Fashion,Product_40,1,866
O0491,05-12-2023,591,"Simran Singh",Pune,Fashion,Product_73,5,14293
O0492,15-04-2023,592,"Priya Singh",Jaipur,Home,Product_59,4,12184
O0493,14-03-2023,593,"Aditi Agarwal",Chennai,Fashion,Product_49,2,3939
O0494,15-08-2023,594,"Kavita Verma",Gurgaon,Fashion,Product_45,4,6671
O0495,04-01-2023,595,"Ritu Gupta",Chennai,Fashion,Product_92,3,2452
O0496,11-07-2023,596,"Akash Sharma",Gurgaon,Electronics,Product_92,4,12723
O0497,04-06-2023,597,"Akash Sinha",Noida,Grocery,Product_93,2,926
O0498,25-05-2023,598,"Kavita Agarwal",Chennai,Grocery,Product_35,4,4939
O0499,14-08-2023,599,"Neha Singh",Noida,Electronics,Product_10,2,6312
O0500,16-10-2023,600,"Karan Patel",Gurgaon,Electronics,Product_58,4,8764
